
Insert into VIKA.AUTHOR (AUTHOR_ID,AUTHOR_NAME,EXPIRED) values (1,'Victoria Khlystun',null);
Insert into VIKA.AUTHOR (AUTHOR_ID,AUTHOR_NAME,EXPIRED) values (2,'Ivan Ivanov',to_timestamp('31-MAY-16 09.05.47.823000000 AM','DD-MON-RR HH.MI.SSXFF AM'));
Insert into VIKA.AUTHOR (AUTHOR_ID,AUTHOR_NAME,EXPIRED) values (3,'Alex Zapolski',null);
Insert into VIKA.AUTHOR (AUTHOR_ID,AUTHOR_NAME,EXPIRED) values (6,'STEPHEN HUBBARD',null);
Insert into VIKA.AUTHOR (AUTHOR_ID,AUTHOR_NAME,EXPIRED) values (7,'NANCY BENAC',null);
Insert into VIKA.AUTHOR (AUTHOR_ID,AUTHOR_NAME,EXPIRED) values (8,'FOSTER KLUG',null);
Insert into VIKA.AUTHOR (AUTHOR_ID,AUTHOR_NAME,EXPIRED) values (9,'BRIAN MCBRIDE',null);
Insert into VIKA.AUTHOR (AUTHOR_ID,AUTHOR_NAME,EXPIRED) values (10,'DAVID CAPLAN',null);
Insert into VIKA.AUTHOR (AUTHOR_ID,AUTHOR_NAME,EXPIRED) values (11,'JEFFREY COOK',null);
Insert into VIKA.AUTHOR (AUTHOR_ID,AUTHOR_NAME,EXPIRED) values (12,'LESLEY MESSER',null);
Insert into VIKA.AUTHOR (AUTHOR_ID,AUTHOR_NAME,EXPIRED) values (13,'LUCHINA FISHER',null);
Insert into VIKA.AUTHOR (AUTHOR_ID,AUTHOR_NAME,EXPIRED) values (14,'MICHAEL ROTHMAN',null);
Insert into VIKA.AUTHOR (AUTHOR_ID,AUTHOR_NAME,EXPIRED) values (15,'ALYSSA NEWCOMB',null);
Insert into VIKA.AUTHOR (AUTHOR_ID,AUTHOR_NAME,EXPIRED) values (16,'Helen Mirror',null);
Insert into VIKA.AUTHOR (AUTHOR_ID,AUTHOR_NAME,EXPIRED) values (17,'Sydney Stuart',null);
Insert into VIKA.AUTHOR (AUTHOR_ID,AUTHOR_NAME,EXPIRED) values (18,'Paul Derby',null);
Insert into VIKA.AUTHOR (AUTHOR_ID,AUTHOR_NAME,EXPIRED) values (19,'Ann Green',null);
Insert into VIKA.AUTHOR (AUTHOR_ID,AUTHOR_NAME,EXPIRED) values (20,'John Smith',null);
Insert into VIKA.AUTHOR (AUTHOR_ID,AUTHOR_NAME,EXPIRED) values (21,'Luke Brandon',null);
Insert into VIKA.AUTHOR (AUTHOR_ID,AUTHOR_NAME,EXPIRED) values (22,'Suzan Peds',null);
Insert into VIKA.AUTHOR (AUTHOR_ID,AUTHOR_NAME,EXPIRED) values (23,'Peter Aspers',null);
Insert into VIKA.AUTHOR (AUTHOR_ID,AUTHOR_NAME,EXPIRED) values (24,'Tony Black',null);
Insert into VIKA.AUTHOR (AUTHOR_ID,AUTHOR_NAME,EXPIRED) values (25,'Mary Andrews',null);
Insert into VIKA.AUTHOR (AUTHOR_ID,AUTHOR_NAME,EXPIRED) values (26,'BAHAR GHOLIPOUR',null);
Insert into VIKA.AUTHOR (AUTHOR_ID,AUTHOR_NAME,EXPIRED) values (44,'Jessica Brownstone',null);


Insert into VIKA.COMMENTS (COMMENT_ID,NEWS_ID,COMMENT_TEXT,CREATION_DATE) values (43,13,'That is nice!',to_timestamp('30-MAY-16 10.06.57.090000000 AM','DD-MON-RR HH.MI.SSXFF AM'));
Insert into VIKA.COMMENTS (COMMENT_ID,NEWS_ID,COMMENT_TEXT,CREATION_DATE) values (1,1,'Cool news',to_timestamp('03-MAY-03 09.02.44.000000000 PM','DD-MON-RR HH.MI.SSXFF AM'));
Insert into VIKA.COMMENTS (COMMENT_ID,NEWS_ID,COMMENT_TEXT,CREATION_DATE) values (4,1,'Very Interesting',to_timestamp('27-MAY-16 02.35.59.210000000 PM','DD-MON-RR HH.MI.SSXFF AM'));
Insert into VIKA.COMMENTS (COMMENT_ID,NEWS_ID,COMMENT_TEXT,CREATION_DATE) values (5,2,'Nice news',to_timestamp('27-MAY-16 02.35.59.215000000 PM','DD-MON-RR HH.MI.SSXFF AM'));
Insert into VIKA.COMMENTS (COMMENT_ID,NEWS_ID,COMMENT_TEXT,CREATION_DATE) values (6,6,'I d like to see it!',to_timestamp('27-MAY-16 02.35.59.271000000 PM','DD-MON-RR HH.MI.SSXFF AM'));
Insert into VIKA.COMMENTS (COMMENT_ID,NEWS_ID,COMMENT_TEXT,CREATION_DATE) values (7,7,'Holy mess',to_timestamp('27-MAY-16 02.35.59.303000000 PM','DD-MON-RR HH.MI.SSXFF AM'));
Insert into VIKA.COMMENTS (COMMENT_ID,NEWS_ID,COMMENT_TEXT,CREATION_DATE) values (8,1,'Piece of shit!',to_timestamp('27-MAY-16 02.35.59.335000000 PM','DD-MON-RR HH.MI.SSXFF AM'));
Insert into VIKA.COMMENTS (COMMENT_ID,NEWS_ID,COMMENT_TEXT,CREATION_DATE) values (9,16,'Very Interesting',to_timestamp('27-MAY-16 02.35.59.351000000 PM','DD-MON-RR HH.MI.SSXFF AM'));
Insert into VIKA.COMMENTS (COMMENT_ID,NEWS_ID,COMMENT_TEXT,CREATION_DATE) values (10,21,'Very Interesting',to_timestamp('27-MAY-16 02.35.59.357000000 PM','DD-MON-RR HH.MI.SSXFF AM'));
Insert into VIKA.COMMENTS (COMMENT_ID,NEWS_ID,COMMENT_TEXT,CREATION_DATE) values (11,8,'Blablabla, nothing interesting',to_timestamp('27-MAY-16 02.35.59.387000000 PM','DD-MON-RR HH.MI.SSXFF AM'));
Insert into VIKA.COMMENTS (COMMENT_ID,NEWS_ID,COMMENT_TEXT,CREATION_DATE) values (12,12,'awful article',to_timestamp('27-MAY-16 02.35.59.392000000 PM','DD-MON-RR HH.MI.SSXFF AM'));
Insert into VIKA.COMMENTS (COMMENT_ID,NEWS_ID,COMMENT_TEXT,CREATION_DATE) values (13,11,'dunno to say at all',to_timestamp('27-MAY-16 02.35.59.395000000 PM','DD-MON-RR HH.MI.SSXFF AM'));
Insert into VIKA.COMMENTS (COMMENT_ID,NEWS_ID,COMMENT_TEXT,CREATION_DATE) values (14,12,'interesting',to_timestamp('27-MAY-16 02.35.59.408000000 PM','DD-MON-RR HH.MI.SSXFF AM'));
Insert into VIKA.COMMENTS (COMMENT_ID,NEWS_ID,COMMENT_TEXT,CREATION_DATE) values (15,13,'i m bored with it',to_timestamp('27-MAY-16 02.35.59.412000000 PM','DD-MON-RR HH.MI.SSXFF AM'));
Insert into VIKA.COMMENTS (COMMENT_ID,NEWS_ID,COMMENT_TEXT,CREATION_DATE) values (16,16,'tired to read about it',to_timestamp('27-MAY-16 02.35.59.445000000 PM','DD-MON-RR HH.MI.SSXFF AM'));
Insert into VIKA.COMMENTS (COMMENT_ID,NEWS_ID,COMMENT_TEXT,CREATION_DATE) values (17,19,'lovely news',to_timestamp('27-MAY-16 02.35.59.458000000 PM','DD-MON-RR HH.MI.SSXFF AM'));
Insert into VIKA.COMMENTS (COMMENT_ID,NEWS_ID,COMMENT_TEXT,CREATION_DATE) values (18,21,'what do you want to say with this article',to_timestamp('27-MAY-16 02.35.59.483000000 PM','DD-MON-RR HH.MI.SSXFF AM'));
Insert into VIKA.COMMENTS (COMMENT_ID,NEWS_ID,COMMENT_TEXT,CREATION_DATE) values (19,11,'complex for understanding',to_timestamp('27-MAY-16 02.35.59.498000000 PM','DD-MON-RR HH.MI.SSXFF AM'));
Insert into VIKA.COMMENTS (COMMENT_ID,NEWS_ID,COMMENT_TEXT,CREATION_DATE) values (20,10,'such a surprise!',to_timestamp('27-MAY-16 02.35.59.509000000 PM','DD-MON-RR HH.MI.SSXFF AM'));
Insert into VIKA.COMMENTS (COMMENT_ID,NEWS_ID,COMMENT_TEXT,CREATION_DATE) values (21,17,'why do you write such a mess',to_timestamp('27-MAY-16 02.35.59.513000000 PM','DD-MON-RR HH.MI.SSXFF AM'));
Insert into VIKA.COMMENTS (COMMENT_ID,NEWS_ID,COMMENT_TEXT,CREATION_DATE) values (22,12,'such stupid',to_timestamp('27-MAY-16 02.35.59.518000000 PM','DD-MON-RR HH.MI.SSXFF AM'));
Insert into VIKA.COMMENTS (COMMENT_ID,NEWS_ID,COMMENT_TEXT,CREATION_DATE) values (23,11,'greate!',to_timestamp('27-MAY-16 02.35.59.528000000 PM','DD-MON-RR HH.MI.SSXFF AM'));


Insert into VIKA.NEWS (NEWS_ID,TITLE,SHORT_TEXT,FULL_TEXT,CREATION_DATE,MODIFICATION_DATE) values (1,'New hospital','New hospital has opened in Minsk yesterday','Modern medical center Helthy life has opened yesterday. President will visit it tomorrow. The head of the center expected to proceed complex operations in center as soon as possible',to_timestamp('27-MAY-16 10.06.55.770000000 AM','DD-MON-RR HH.MI.SSXFF AM'),to_date('27-MAY-16','DD-MON-RR'));
Insert into VIKA.NEWS (NEWS_ID,TITLE,SHORT_TEXT,FULL_TEXT,CREATION_DATE,MODIFICATION_DATE) values (2,'Thunder-storm covers Minsk','Minsk will be in the center of massive thunder tomorrow','Our weather forecast told us that a great thunder-storm is approaches Belarus. Tomorrow we will be in the center of the big Atlantic cyclone and it will bring us really bad weather',to_timestamp('27-MAY-16 11.26.44.361000000 AM','DD-MON-RR HH.MI.SSXFF AM'),to_date('27-MAY-16','DD-MON-RR'));
Insert into VIKA.NEWS (NEWS_ID,TITLE,SHORT_TEXT,FULL_TEXT,CREATION_DATE,MODIFICATION_DATE) values (6,'US election','Trump wins enough delegates for Republican nomination','The US Republican presidential candidate Donald Trump has reached the number of delegates needed to secure the party s presidential nomination.',to_timestamp('27-MAY-16 01.47.20.522000000 PM','DD-MON-RR HH.MI.SSXFF AM'),to_date('27-MAY-16','DD-MON-RR'));
Insert into VIKA.NEWS (NEWS_ID,TITLE,SHORT_TEXT,FULL_TEXT,CREATION_DATE,MODIFICATION_DATE) values (7,'Dinosaur crater','Chicxulub dinosaur crater drill project declared a success','The effort to drill into the Chicxulub Crater off the coast of Mexico has been declared an outstanding success.',to_timestamp('27-MAY-16 01.47.20.844000000 PM','DD-MON-RR HH.MI.SSXFF AM'),to_date('27-MAY-16','DD-MON-RR'));
Insert into VIKA.NEWS (NEWS_ID,TITLE,SHORT_TEXT,FULL_TEXT,CREATION_DATE,MODIFICATION_DATE) values (8,'Google defeats Oracle','Google defeats Oracle in Java code copyright case','Google has won a major US court battle with software firm Oracle after a jury ruled it did not unfairly appropriate parts of the Java programming language.',to_timestamp('27-MAY-16 01.47.20.857000000 PM','DD-MON-RR HH.MI.SSXFF AM'),to_date('27-MAY-16','DD-MON-RR'));
Insert into VIKA.NEWS (NEWS_ID,TITLE,SHORT_TEXT,FULL_TEXT,CREATION_DATE,MODIFICATION_DATE) values (9,'Chinese whitewash','Is this the most racist advertisement ever made?','A Chinese laundry detergent advertisement is causing widespread outrage online and is being dubbed the most racist commercial to be screened. But racist advertising has form - and not just in China.',to_timestamp('27-MAY-16 01.47.20.886000000 PM','DD-MON-RR HH.MI.SSXFF AM'),to_date('27-MAY-16','DD-MON-RR'));
Insert into VIKA.NEWS (NEWS_ID,TITLE,SHORT_TEXT,FULL_TEXT,CREATION_DATE,MODIFICATION_DATE) values (10,'Zika outbreak','Zika outbreak: The mosquito menace','The mosquito, Aedes aegypti, is causing widespread fear in Brazil where it is spreading the Zika virus that has been linked to thousands of babies being born with birth defects.',to_timestamp('27-MAY-16 01.47.20.890000000 PM','DD-MON-RR HH.MI.SSXFF AM'),to_date('27-MAY-16','DD-MON-RR'));
Insert into VIKA.NEWS (NEWS_ID,TITLE,SHORT_TEXT,FULL_TEXT,CREATION_DATE,MODIFICATION_DATE) values (11,'Pain of robot','Researchers teach robots to feel pain','Researchers from Germany are developing an artificial nervous system aimed at teaching robots how to feel pain.',to_timestamp('27-MAY-16 01.47.20.901000000 PM','DD-MON-RR HH.MI.SSXFF AM'),to_date('27-MAY-16','DD-MON-RR'));
Insert into VIKA.NEWS (NEWS_ID,TITLE,SHORT_TEXT,FULL_TEXT,CREATION_DATE,MODIFICATION_DATE) values (12,'Service Agents','41 Secret Service Agents Disciplined Over Congressmans Personnel File Leak','A Department of Homeland Security (DHS) investigation into the U.S. Secret Service’s disclosure of the personnel files of Rep. Jason Chaffetz (R-Utah) has resulted in discipline for 41 agents.',to_timestamp('27-MAY-16 01.47.20.940000000 PM','DD-MON-RR HH.MI.SSXFF AM'),to_date('27-MAY-16','DD-MON-RR'));
Insert into VIKA.NEWS (NEWS_ID,TITLE,SHORT_TEXT,FULL_TEXT,CREATION_DATE,MODIFICATION_DATE) values (13,'Dolly Parton marriage','Dolly Parton and Her Husband Carl Dean Are Proud of Their 50-Year Marriage','On May 30, Dolly Parton will celebrate 50 years of marriage to one of the most elusive husbands in all of show business.',to_timestamp('27-MAY-16 01.47.20.985000000 PM','DD-MON-RR HH.MI.SSXFF AM'),to_date('27-MAY-16','DD-MON-RR'));
Insert into VIKA.NEWS (NEWS_ID,TITLE,SHORT_TEXT,FULL_TEXT,CREATION_DATE,MODIFICATION_DATE) values (14,'Karmic borrowing','Karmic borrowing: Micro-lending based on good deeds','What do you do if you need to borrow money but the bank turns you down?Well, if you have the potential for good karma, you may consider signing up to Buddhist monk Phra Subin Paneetos micro-lending scheme, which is spreading across Asia, as Hoang Nguyen finds out.',to_timestamp('27-MAY-16 01.47.20.992000000 PM','DD-MON-RR HH.MI.SSXFF AM'),to_date('27-MAY-16','DD-MON-RR'));
Insert into VIKA.NEWS (NEWS_ID,TITLE,SHORT_TEXT,FULL_TEXT,CREATION_DATE,MODIFICATION_DATE) values (15,'Hundreds Evacuate','Hundreds Evacuate Korean Air Jet After Engine Catches Fire','Hundreds of passengers onboard a Korean Air flight at Tokyos Haneda Airport were forced to evacuate onto the tarmac Friday after one of the Boeing 777-300s engines caught fire, the airline said.',to_timestamp('27-MAY-16 01.47.21.019000000 PM','DD-MON-RR HH.MI.SSXFF AM'),to_date('27-MAY-16','DD-MON-RR'));
Insert into VIKA.NEWS (NEWS_ID,TITLE,SHORT_TEXT,FULL_TEXT,CREATION_DATE,MODIFICATION_DATE) values (16,'Serious risk to growth','Brexit serious risk to growth says G7','A declaration at the G7 meeting in Japan says a vote by the UK to leave the European Union would pose a "serious threat to global growth".',to_timestamp('27-MAY-16 01.47.21.072000000 PM','DD-MON-RR HH.MI.SSXFF AM'),to_date('27-MAY-16','DD-MON-RR'));
Insert into VIKA.NEWS (NEWS_ID,TITLE,SHORT_TEXT,FULL_TEXT,CREATION_DATE,MODIFICATION_DATE) values (17,'Solar Storms','Ferocious Solar Storms May Have Helped Life Take Root on Earth, NASA Says','Ferocious solar storms 4 billion years ago may have been key to warming the Earth and creating the right conditions for life to form on the planet, according to a new study by a team of NASA scientists.',to_timestamp('27-MAY-16 01.47.21.088000000 PM','DD-MON-RR HH.MI.SSXFF AM'),to_date('27-MAY-16','DD-MON-RR'));
Insert into VIKA.NEWS (NEWS_ID,TITLE,SHORT_TEXT,FULL_TEXT,CREATION_DATE,MODIFICATION_DATE) values (18,'Time to fix','Jack Dorsey: Twitter will take time to fix','Jack Dorsey spends his mornings running one of the worlds most influential social networks.',to_timestamp('27-MAY-16 01.47.21.106000000 PM','DD-MON-RR HH.MI.SSXFF AM'),to_date('27-MAY-16','DD-MON-RR'));
Insert into VIKA.NEWS (NEWS_ID,TITLE,SHORT_TEXT,FULL_TEXT,CREATION_DATE,MODIFICATION_DATE) values (19,'Misspelled Word','Google Reveals the Top Misspelled Word in Every State','Google pulled data from its search trends to reveal the top word most people have trouble spelling in each state. The result is a list that would likely make the super spellers competing in the Scripps National Spelling Bee laugh.',to_timestamp('27-MAY-16 01.47.21.193000000 PM','DD-MON-RR HH.MI.SSXFF AM'),to_date('27-MAY-16','DD-MON-RR'));
Insert into VIKA.NEWS (NEWS_ID,TITLE,SHORT_TEXT,FULL_TEXT,CREATION_DATE,MODIFICATION_DATE) values (20,'ONLINE PRIVACY','Facebooks WhatsApp Turns on Encryption for 1 Billion Users','Every private message, photo, video or file sent over Facebooks WhatsApp is now encrypted by default for the messaging services one billion users.',to_timestamp('27-MAY-16 01.47.21.202000000 PM','DD-MON-RR HH.MI.SSXFF AM'),to_date('27-MAY-16','DD-MON-RR'));
Insert into VIKA.NEWS (NEWS_ID,TITLE,SHORT_TEXT,FULL_TEXT,CREATION_DATE,MODIFICATION_DATE) values (21,'Talks with the Taliban','Viewpoint: Is there any chance of talks with the Taliban?',' With a new man in charge of the Afghan Taliban, there is now only a limited amount of time for the US, Afghanistan and others to push for peace talks with the movement, argues guest columnist Ahmed Rashid.',to_timestamp('27-MAY-16 01.47.21.223000000 PM','DD-MON-RR HH.MI.SSXFF AM'),to_date('27-MAY-16','DD-MON-RR'));
Insert into VIKA.NEWS (NEWS_ID,TITLE,SHORT_TEXT,FULL_TEXT,CREATION_DATE,MODIFICATION_DATE) values (22,'Battling on','Syria war: Battling on as a disabled refugee','Of the estimated 1.4m Syrians who have found safety in Jordan, about a third have a disability or serious health condition.',to_timestamp('27-MAY-16 01.47.21.251000000 PM','DD-MON-RR HH.MI.SSXFF AM'),to_date('27-MAY-16','DD-MON-RR'));
Insert into VIKA.NEWS (NEWS_ID,TITLE,SHORT_TEXT,FULL_TEXT,CREATION_DATE,MODIFICATION_DATE) values (23,'Men only','Why are women banned from Mount Athos?','Russian President Vladimir Putin is visiting Mount Athos in Greece to mark the 1,000-year presence of Russian Orthodox monks there. The Mount - actually a 335 sq km (130 sq mile) peninsula - may be the largest area in the world from which women, and female animals, are banned. Andy Walker asks why the ban exists.',to_timestamp('27-MAY-16 01.47.21.269000000 PM','DD-MON-RR HH.MI.SSXFF AM'),to_date('27-MAY-16','DD-MON-RR'));


Insert into VIKA.NEWS_AUTHOR (NEWS_ID,AUTHOR_ID) values (1,1);
Insert into VIKA.NEWS_AUTHOR (NEWS_ID,AUTHOR_ID) values (1,25);
Insert into VIKA.NEWS_AUTHOR (NEWS_ID,AUTHOR_ID) values (2,2);
Insert into VIKA.NEWS_AUTHOR (NEWS_ID,AUTHOR_ID) values (7,22);
Insert into VIKA.NEWS_AUTHOR (NEWS_ID,AUTHOR_ID) values (8,21);
Insert into VIKA.NEWS_AUTHOR (NEWS_ID,AUTHOR_ID) values (20,18);
Insert into VIKA.NEWS_AUTHOR (NEWS_ID,AUTHOR_ID) values (6,16);
Insert into VIKA.NEWS_AUTHOR (NEWS_ID,AUTHOR_ID) values (9,9);
Insert into VIKA.NEWS_AUTHOR (NEWS_ID,AUTHOR_ID) values (10,8);
Insert into VIKA.NEWS_AUTHOR (NEWS_ID,AUTHOR_ID) values (11,7);
Insert into VIKA.NEWS_AUTHOR (NEWS_ID,AUTHOR_ID) values (12,6);
Insert into VIKA.NEWS_AUTHOR (NEWS_ID,AUTHOR_ID) values (14,8);
Insert into VIKA.NEWS_AUTHOR (NEWS_ID,AUTHOR_ID) values (15,2);
Insert into VIKA.NEWS_AUTHOR (NEWS_ID,AUTHOR_ID) values (16,13);
Insert into VIKA.NEWS_AUTHOR (NEWS_ID,AUTHOR_ID) values (17,12);
Insert into VIKA.NEWS_AUTHOR (NEWS_ID,AUTHOR_ID) values (21,8);
Insert into VIKA.NEWS_AUTHOR (NEWS_ID,AUTHOR_ID) values (18,9);
Insert into VIKA.NEWS_AUTHOR (NEWS_ID,AUTHOR_ID) values (13,11);
Insert into VIKA.NEWS_AUTHOR (NEWS_ID,AUTHOR_ID) values (6,1);
Insert into VIKA.NEWS_AUTHOR (NEWS_ID,AUTHOR_ID) values (6,14);
Insert into VIKA.NEWS_AUTHOR (NEWS_ID,AUTHOR_ID) values (9,7);
Insert into VIKA.NEWS_AUTHOR (NEWS_ID,AUTHOR_ID) values (14,3);
Insert into VIKA.NEWS_AUTHOR (NEWS_ID,AUTHOR_ID) values (1,14);


Insert into VIKA.NEWS_TAG (NEWS_ID,TAG_ID) values (1,1);
Insert into VIKA.NEWS_TAG (NEWS_ID,TAG_ID) values (1,3);
Insert into VIKA.NEWS_TAG (NEWS_ID,TAG_ID) values (1,25);
Insert into VIKA.NEWS_TAG (NEWS_ID,TAG_ID) values (2,2);
Insert into VIKA.NEWS_TAG (NEWS_ID,TAG_ID) values (14,3);
Insert into VIKA.NEWS_TAG (NEWS_ID,TAG_ID) values (6,14);
Insert into VIKA.NEWS_TAG (NEWS_ID,TAG_ID) values (7,22);
Insert into VIKA.NEWS_TAG (NEWS_ID,TAG_ID) values (8,21);
Insert into VIKA.NEWS_TAG (NEWS_ID,TAG_ID) values (20,18);
Insert into VIKA.NEWS_TAG (NEWS_ID,TAG_ID) values (6,1);
Insert into VIKA.NEWS_TAG (NEWS_ID,TAG_ID) values (6,16);
Insert into VIKA.NEWS_TAG (NEWS_ID,TAG_ID) values (9,9);
Insert into VIKA.NEWS_TAG (NEWS_ID,TAG_ID) values (10,8);
Insert into VIKA.NEWS_TAG (NEWS_ID,TAG_ID) values (13,11);
Insert into VIKA.NEWS_TAG (NEWS_ID,TAG_ID) values (14,8);
Insert into VIKA.NEWS_TAG (NEWS_ID,TAG_ID) values (15,2);
Insert into VIKA.NEWS_TAG (NEWS_ID,TAG_ID) values (16,13);
Insert into VIKA.NEWS_TAG (NEWS_ID,TAG_ID) values (17,12);
Insert into VIKA.NEWS_TAG (NEWS_ID,TAG_ID) values (18,9);
Insert into VIKA.NEWS_TAG (NEWS_ID,TAG_ID) values (21,8);
Insert into VIKA.NEWS_TAG (NEWS_ID,TAG_ID) values (21,8);
Insert into VIKA.NEWS_TAG (NEWS_ID,TAG_ID) values (9,10);
Insert into VIKA.NEWS_TAG (NEWS_ID,TAG_ID) values (11,3);
Insert into VIKA.NEWS_TAG (NEWS_ID,TAG_ID) values (12,9);
Insert into VIKA.NEWS_TAG (NEWS_ID,TAG_ID) values (20,8);
Insert into VIKA.NEWS_TAG (NEWS_ID,TAG_ID) values (1,23);


Insert into VIKA.ROLES (USER_ID,ROLE_NAME) values (1,'admin');
Insert into VIKA.ROLES (USER_ID,ROLE_NAME) values (8,'user');
Insert into VIKA.ROLES (USER_ID,ROLE_NAME) values (6,'admin');
Insert into VIKA.ROLES (USER_ID,ROLE_NAME) values (7,'user');
Insert into VIKA.ROLES (USER_ID,ROLE_NAME) values (9,'user');
Insert into VIKA.ROLES (USER_ID,ROLE_NAME) values (10,'user');
Insert into VIKA.ROLES (USER_ID,ROLE_NAME) values (11,'admin');
Insert into VIKA.ROLES (USER_ID,ROLE_NAME) values (12,'user');
Insert into VIKA.ROLES (USER_ID,ROLE_NAME) values (13,'user');
Insert into VIKA.ROLES (USER_ID,ROLE_NAME) values (14,'admin');
Insert into VIKA.ROLES (USER_ID,ROLE_NAME) values (15,'user');
Insert into VIKA.ROLES (USER_ID,ROLE_NAME) values (16,'author');
Insert into VIKA.ROLES (USER_ID,ROLE_NAME) values (17,'user');
Insert into VIKA.ROLES (USER_ID,ROLE_NAME) values (18,'user');
Insert into VIKA.ROLES (USER_ID,ROLE_NAME) values (19,'user');
Insert into VIKA.ROLES (USER_ID,ROLE_NAME) values (20,'writer');
Insert into VIKA.ROLES (USER_ID,ROLE_NAME) values (21,'writer');


Insert into VIKA.TAG (TAG_ID,TAG_NAME) values (1,'health');
Insert into VIKA.TAG (TAG_ID,TAG_NAME) values (2,'sport');
Insert into VIKA.TAG (TAG_ID,TAG_NAME) values (3,'medicine');
Insert into VIKA.TAG (TAG_ID,TAG_NAME) values (4,'politics');
Insert into VIKA.TAG (TAG_ID,TAG_NAME) values (5,'economics');
Insert into VIKA.TAG (TAG_ID,TAG_NAME) values (8,'entertaiment');
Insert into VIKA.TAG (TAG_ID,TAG_NAME) values (9,'usa');
Insert into VIKA.TAG (TAG_ID,TAG_NAME) values (10,'world');
Insert into VIKA.TAG (TAG_ID,TAG_NAME) values (11,'asia');
Insert into VIKA.TAG (TAG_ID,TAG_NAME) values (12,'europe');
Insert into VIKA.TAG (TAG_ID,TAG_NAME) values (13,'elections');
Insert into VIKA.TAG (TAG_ID,TAG_NAME) values (14,'society');
Insert into VIKA.TAG (TAG_ID,TAG_NAME) values (15,'photos');
Insert into VIKA.TAG (TAG_ID,TAG_NAME) values (16,'humor');
Insert into VIKA.TAG (TAG_ID,TAG_NAME) values (17,'animals');
Insert into VIKA.TAG (TAG_ID,TAG_NAME) values (18,'google');
Insert into VIKA.TAG (TAG_ID,TAG_NAME) values (19,'food');
Insert into VIKA.TAG (TAG_ID,TAG_NAME) values (20,'fashion');
Insert into VIKA.TAG (TAG_ID,TAG_NAME) values (21,'weather');
Insert into VIKA.TAG (TAG_ID,TAG_NAME) values (22,'culture');
Insert into VIKA.TAG (TAG_ID,TAG_NAME) values (23,'technology');
Insert into VIKA.TAG (TAG_ID,TAG_NAME) values (24,'education');
Insert into VIKA.TAG (TAG_ID,TAG_NAME) values (25,'people');
Insert into VIKA.TAG (TAG_ID,TAG_NAME) values (26,'business');
Insert into VIKA.TAG (TAG_ID,TAG_NAME) values (27,'celebrity');
Insert into VIKA.TAG (TAG_ID,TAG_NAME) values (46,'school');


Insert into VIKA.USERS (USER_ID,USER_NAME,LOGIN,PASSWORD) values (1,'Victoria','vika','54ed17dd756d53bfa6935531ce1d8724');
Insert into VIKA.USERS (USER_ID,USER_NAME,LOGIN,PASSWORD) values (6,'Paul','paul','202cb962ac59075b964b07152d234b70');
Insert into VIKA.USERS (USER_ID,USER_NAME,LOGIN,PASSWORD) values (7,'Mary','star','67d16d00201083a2b118dd5128dd6f59');
Insert into VIKA.USERS (USER_ID,USER_NAME,LOGIN,PASSWORD) values (8,'Peter','bigBoss','550a141f12de6341fba65b0ad0433500');
Insert into VIKA.USERS (USER_ID,USER_NAME,LOGIN,PASSWORD) values (5,'Ann','ann','698d51a19d8a121ce581499d7b701668');
Insert into VIKA.USERS (USER_ID,USER_NAME,LOGIN,PASSWORD) values (9,'Alex','smartGuy','d8578edf8458ce06fbc5bb76a58c5ca4');
Insert into VIKA.USERS (USER_ID,USER_NAME,LOGIN,PASSWORD) values (10,'Artem','shelmoon','8f31d137b9bf18f93c93692e1c140c30');
Insert into VIKA.USERS (USER_ID,USER_NAME,LOGIN,PASSWORD) values (11,'Nataly','nata147t','f7e0b956540676a129760a3eae309294');
Insert into VIKA.USERS (USER_ID,USER_NAME,LOGIN,PASSWORD) values (12,'Helen','helen123','8f1d2b9032d80b05e1c1e3efd498e0a8');
Insert into VIKA.USERS (USER_ID,USER_NAME,LOGIN,PASSWORD) values (13,'Victor','boredBoy','347fa6ca8b18048102ee7ebf39dce06d');
Insert into VIKA.USERS (USER_ID,USER_NAME,LOGIN,PASSWORD) values (14,'Roman','romashka','beaedd0dee60a15e41c6e14b12889e5e');
Insert into VIKA.USERS (USER_ID,USER_NAME,LOGIN,PASSWORD) values (15,'Ivan','pivs96','8979f838b3b5f009907529899af62180');
Insert into VIKA.USERS (USER_ID,USER_NAME,LOGIN,PASSWORD) values (16,'Sabrina','diamond_S','8fc82bfb25088579e7ad91c76c35d0f8');
Insert into VIKA.USERS (USER_ID,USER_NAME,LOGIN,PASSWORD) values (17,'Katya','girlFromIpanema','1d73570ddb3abfb514cb3119b8569063');
Insert into VIKA.USERS (USER_ID,USER_NAME,LOGIN,PASSWORD) values (18,'Nadya','nadyaFromLA','d6685a55f6e238a0ee1726d2d376a945');
Insert into VIKA.USERS (USER_ID,USER_NAME,LOGIN,PASSWORD) values (19,'Polina','polina1996','e1a198e8b7f840632aa4df90c7725a34');
Insert into VIKA.USERS (USER_ID,USER_NAME,LOGIN,PASSWORD) values (20,'Eugene','eugene1989','11ddbaf3386aea1f2974eee984542152');
Insert into VIKA.USERS (USER_ID,USER_NAME,LOGIN,PASSWORD) values (21,'Max','mad_max','0f98df87c7440c045496f705c7295344');